ID,Image,Tittle,Author,Rating,Price,ISBN,Genre,Publish_Year,Publisher,Description,quantity
1,https://d1w7fb2mkkr3kw.cloudfront.net/assets/images/book/mid/9780/1410/9780141036144.jpg,1984,George Orwell,4,7.88,9.78E+12,Crime-Thriller,1949,Secker and Warburg,"This dystopian novel is set in a totalitarian society where the government has complete control over every aspect of citizens' lives, including their thoughts and beliefs. It follows the story of Winston Smith, a low-ranking member of the ruling party who begins to rebel against the regime's oppressive tactics. It has become a classic in the genre of political fiction and has had a lasting influence on popular culture and political discourse.",10
2,https://d1w7fb2mkkr3kw.cloudfront.net/assets/images/book/mid/9780/2413/9780241351642.jpg,12 Rules for Life,Jordan B. Peterson,4,18.31,9.78E+12,Medical,2018,Random House Canada,"This book presents a set of principles for living a meaningful and fulfilling life, drawing on psychology, philosophy, and the author's own experiences. It has been controversial for its views on topics such as gender and politics.",10
3,https://d1w7fb2mkkr3kw.cloudfront.net/assets/images/book/mid/9780/5531/9780553176988.jpg,A Brief History Of Time,Stephen Hawking,4,9.12,9.78E+12,Science-Geography,1988,Bantam Books,"This book provides an introduction to the concepts of cosmology, including the Big Bang theory, black holes, and the nature of time. It is written for a general audience and has become a best-seller.",10
4,https://d1w7fb2mkkr3kw.cloudfront.net/assets/images/book/mid/9781/7847/9781784700089.jpg,Alan Turing: The Enigma,Andrew Hodges,4,13.41,9.78E+12,Computing,1983,Burnett Books,"This biography explores the life and work of Alan Turing, a British mathematician and codebreaker during World War II. It also delves into his personal life, including his homosexuality and the persecution he faced as a result.",10
5,https://d1w7fb2mkkr3kw.cloudfront.net/assets/images/book/mid/9780/1410/9780141036137.jpg,Animal Farm,George Orwell,4,7.98,9.78E+12,Childrens-Books,1945,Secker and Warburg,This allegorical novel tells the story of a group of farm animals who rebel against their human owner and establish their own society. It is a commentary on the Russian Revolution and the rise of Stalinism.,10
6,https://d1w7fb2mkkr3kw.cloudfront.net/assets/images/book/mid/9780/3936/9780393609394.jpg,Astrophysics for People in a Hurry,Neil Degrasse Tyson,4,13.37,9.78E+12,Science-Geography,2017,W. W. Norton & Company,W. W. Norton & Company,10
7,https://d1w7fb2mkkr3kw.cloudfront.net/assets/images/book/mid/9781/5098/9781509868087.jpg,Bad Blood,John Carreyrou,4.5,8.4,9.78E+12,Biography,2018,Knopf,"This book is an investigative journalism account of the rise and fall of the health technology company Theranos, founded by Elizabeth Holmes. It exposes the fraud and deception within the company and the executives responsible for it.",10
8,https://d1w7fb2mkkr3kw.cloudfront.net/assets/images/book/mid/9780/2413/9780241334140.jpg,Becoming,Michelle Obama,4.5,24.21,9.78E+12,Biography,2018,Crown Publishing Group,"This memoir chronicles the life and career of Michelle Obama, from her childhood on the South Side of Chicago to her years as First Lady of the United States. It reflects on the challenges and triumphs she faced along the way.",10
9,https://d1w7fb2mkkr3kw.cloudfront.net/assets/images/book/mid/9781/8484/9781848454125.jpg,Behind Closed Doors,B. A. Paris,4,8.39,9.78E+12,Crime-Thriller,2016,St. Martin's Press,"This psychological thriller tells the story of a seemingly perfect couple, but as the story unfolds, it becomes clear that their marriage is not what it seems. It explores themes of domestic abuse and control.",10
10,https://d1w7fb2mkkr3kw.cloudfront.net/assets/images/book/mid/9781/8466/9781846685828.jpg,Being Mortal,Atul Gawande,4.5,9.03,9.78E+12,Medical,2014,Metropolitan Books,"This book explores the challenges of end-of-life care and the ways in which medicine can better serve the needs of the dying. It presents personal stories and research on topics such as hospice care, assisted living, and the medicalization of death.",10
11,https://d1w7fb2mkkr3kw.cloudfront.net/assets/images/book/mid/9781/4059/9781405916363.jpg,Big Little Lies,Liane Moriarty,4.5,9.55,9.78E+12,Crime-Thriller,2014,Berkley Books,"This novel follows the lives of three women in a wealthy suburban community as their seemingly perfect lives begin to unravel. It explores themes of motherhood, domestic violence, and the pressure to conform to societal expectations.",10
12,https://d1w7fb2mkkr3kw.cloudfront.net/assets/images/book/mid/9780/3854/9780385480017.jpg,Bird By Bird,Anne Lamott,4,12.23,9.78E+12,Dictionaries-Languages,1994,Anchor Books,"This book is a guide for aspiring writers, offering advice on the creative process, overcoming writer's block, and writing with honesty and authenticity. It is written in a humorous and engaging style.",10
13,https://d1w7fb2mkkr3kw.cloudfront.net/assets/images/book/mid/9780/0995/9780099556756.jpg,Bloody Valentine,James Patterson,3.5,3.66,9.78E+12,Crime-Thriller,2021,Grand Central Publishing,This book is a thriller set in a small town on the brink of a Valentine's Day massacre.,10
14,https://d1w7fb2mkkr3kw.cloudfront.net/assets/images/book/mid/9781/4736/9781473635302.jpg,Born A Crime,Trevor Noah,4.5,8.3,9.78E+12,Biography,2016,Spiegel & Grau,"This memoir chronicles the childhood and early life of comedian Trevor Noah, who was born to a black mother and a white father in apartheid-era South Africa.",10
15,https://d1w7fb2mkkr3kw.cloudfront.net/assets/images/book/mid/9781/4711/9781471157790.jpg,Born to Run,Bruce Springsteen,4,27.12,9.78E+12,Art-Photography,2016,Simon & Schuster,"This autobiography tells the story of musician Bruce Springsteen's life and career, from his early years in New Jersey to his rise to fame as a rock star.",10
16,https://d1w7fb2mkkr3kw.cloudfront.net/assets/images/book/mid/9781/4736/9781473695986.jpg,Brief Answers to the Big Questions,Stephen Hawking,4.5,11.64,9.78E+12,Science-Geography,2018,Bantam Press,"This book is a collection of essays and speeches by the late physicist Stephen Hawking, exploring topics such as the origins of the universe, time travel, and the possibility of extraterrestrial life.",10
17,https://d1w7fb2mkkr3kw.cloudfront.net/assets/images/book/mid/9781/5445/9781544512273.jpg,Can't Hurt Me,David Goggins,4.5,19.37,9.78E+12,Biography,2018,Lioncrest Publishing,"This memoir tells the story of former Navy SEAL and endurance athlete David Goggins, who overcame childhood abuse, obesity, and other challenges to become a record-breaking athlete and motivational speaker.",10
18,https://d1w7fb2mkkr3kw.cloudfront.net/assets/images/book/mid/9780/5005/9780500513606.jpg,Chanel,Daniele Bott,4,31.18,9.78E+12,Art-Photography,2010,Taschen,"This book is a visual biography of fashion designer Coco Chanel, featuring photographs and illustrations of her life and work.",10
19,https://d1w7fb2mkkr3kw.cloudfront.net/assets/images/book/mid/9780/1344/9780134494166.jpg,Clean Architecture,Robert C. Martin,4,23.53,9.78E+12,Computing,2017,Prentice Hall,"This book is a guide to software architecture, offering principles and strategies for designing software systems that are easy to maintain and modify.",10
20,https://d1w7fb2mkkr3kw.cloudfront.net/assets/images/book/mid/9780/1323/9780132350884.jpg,Clean Code,Robert C. Martin,4.5,26.56,9.78E+12,Computing,2008,Prentice Hall,"This book is a guide to writing clean, maintainable code, offering best practices and guidelines for software developers.",10
21,https://d1w7fb2mkkr3kw.cloudfront.net/assets/images/book/mid/9781/8478/9781847807717.jpg,Coco Chanel,Isabel Sanchez Vegara,4,10.01,9.78E+12,Art-Photography,2016,Frances Lincoln Children's Books,"This children's book is a biographical account of the life of fashion designer Coco Chanel, focusing on her early years and her rise to fame.",10
22,https://d1w7fb2mkkr3kw.cloudfront.net/assets/images/book/mid/9780/9847/9780984782857.jpg,Cracking the Coding Interview,Gayle Laakmann McDowell,4.5,33.99,9.78E+12,Computing,2015,CareerCup,"This book is a guide to interviewing for software engineering jobs, offering strategies and practice problems for coding interviews.",10
23,https://d1w7fb2mkkr3kw.cloudfront.net/assets/images/book/mid/9780/6924/9780692452745.jpg,Create This Book,Moriah Elizabeth,4.5,17.05,9.78E+12,Dictionaries-Languages,2015,Creative Outlet,"This interactive journal is designed to inspire creativity and self-expression, with prompts and challenges for drawing, coloring, and other artistic activities.",10
24,https://d1w7fb2mkkr3kw.cloudfront.net/assets/images/book/mid/9781/7863/9781786331502.jpg,Daisy Jones and The Six,TAYLOR JENKINS REID,4,14.67,9.78E+12,Entertainment,2019,Random House Publishing Group,"The novel is about the rise of an iconic 1970s rock group and their beautiful lead singer, revealing the mystery behind their infamous break up",10
25,https://d1w7fb2mkkr3kw.cloudfront.net/assets/images/book/mid/9781/4091/9781409168393.jpg,DanTDM: Trayaurus and the Enchanted Crystal,DanTDM,4.5,14.93,9.78E+12,Computing,2016,HarperCollins Children's Books,This children's book is based on the adventures of popular YouTube personality DanTDM and his animated sidekick Trayaurus.,10
26,https://d1w7fb2mkkr3kw.cloudfront.net/assets/images/book/mid/9781/7850/9781785042140.jpg,Dare to Lead,Brene Brown,4,13.09,9.78E+12,Business-Finance-Law,2018,Random House,"This book is a guide to effective leadership, offering strategies and insights for building trust, courage, and vulnerability in the workplace.",10
27,https://d1w7fb2mkkr3kw.cloudfront.net/assets/images/book/mid/9780/2412/9780241257401.jpg,Daring Greatly,Brene Brown,4.5,9.6,9.78E+12,Business-Finance-Law,2012,Avery,"This book is a guide to embracing vulnerability and living a wholehearted life, offering insights and strategies for cultivating courage, compassion, and connection.",10
28,https://d1w7fb2mkkr3kw.cloudfront.net/assets/images/book/mid/9781/4521/9781452106557.jpg,Darth Vader and Son,Jeffrey Brown,4,9.61,9.78E+12,Entertainment,2012,Chronicle Books,Darth Vader and Son” is a non-canon picture book written and illustrated by Jeffrey Brown. It is comprised of one-page comic illustrations that show Darth Vader parenting Luke Skywalker. ,10
29,https://d1w7fb2mkkr3kw.cloudfront.net/assets/images/book/mid/9781/4169/9781416947370.jpg,Dear Zoo,Rod Campbell,4.5,6.76,9.78E+12,Childrens-Books,1982,Random House Children's Books,"This children's book tells the story of a child who writes to the zoo to send them a pet, but each animal they send is unsuitable for various reasons.",10
30,https://d1w7fb2mkkr3kw.cloudfront.net/assets/images/book/mid/9780/3494/9780349411903.jpg,Deep Work,Cal Newport,4,11.54,9.78E+12,Business-Finance-Law,2016,Grand Central Publishing,"This book explores the concept of ""deep work,"" or the ability to focus without distraction on cognitively demanding tasks, offering strategies and advice for improving productivity and creativity.",10
31,https://d1w7fb2mkkr3kw.cloudfront.net/assets/images/book/mid/9780/2016/9780201633610.jpg,Design Patterns,Erich Gamma,4,39.16,9.78E+12,Computing,1994,Addison-Wesley Professional,"This book is a classic guide to software design patterns, offering reusable solutions to common programming problems.",10
32,https://d1w7fb2mkkr3kw.cloudfront.net/assets/images/book/mid/9780/2413/9780241341131.jpg,Digital Minimalism,Cal Newport,4,14.58,9.78E+12,Computing,2019,Portfolio,"This book explores the idea of digital minimalism, or the intentional use of technology to improve one's life and well-being, offering insights and strategies for reducing digital distractions and cultivating deeper, more meaningful experiences.",10
33,https://d1w7fb2mkkr3kw.cloudfront.net/assets/images/book/mid/9780/3219/9780321965516.jpg,"Don't Make Me Think, Revisited",Steve Krug,4,23.03,9.78E+12,Computing,2014,New Riders,"This book is a guide to web usability, offering insights and strategies for designing intuitive and user-friendly websites.",10
34,https://d1w7fb2mkkr3kw.cloudfront.net/assets/images/book/mid/9780/7475/9780747585664.jpg,"Eat, Pray, Love",Elizabeth Gilbert,3.5,8.86,9.78E+12,Biography,2006,Penguin Books,"This memoir tells the story of the author's travels to Italy, India, and Indonesia in search of personal growth and spiritual fulfillment, exploring themes of love, loss, and self-discovery.",10
35,https://d1w7fb2mkkr3kw.cloudfront.net/assets/images/book/mid/9780/0073/9780007329069.jpg,"Eats, Shoots and Leaves",Lynne Truss,4,8.58,9.78E+12,Dictionaries-Languages,2003,Profile Books,"This book is a lighthearted guide to punctuation, offering humorous examples and anecdotes to illustrate the importance of proper punctuation usage.",10
36,https://d1w7fb2mkkr3kw.cloudfront.net/assets/images/book/mid/9780/0995/9780099511021.jpg,Educated,Tara Westover,4.5,9.61,9.78E+12,Biography,2018,Random House,"This memoir tells the story of the author's escape from a restrictive and abusive upbringing in rural Idaho, exploring themes of education, self-discovery, and the power of knowledge.",10
37,https://d1w7fb2mkkr3kw.cloudfront.net/assets/images/book/mid/9780/7535/9780753557525.jpg,Elon Musk,Ashlee Vance,4,7.61,9.78E+12,Biography,2015,Ecco,"This biography tells the story of entrepreneur Elon Musk, exploring his life, career, and vision for the future of technology and space exploration.",10
38,https://d1w7fb2mkkr3kw.cloudfront.net/assets/images/book/mid/9781/4736/9781473637467.jpg,Factfulness,Hans Rosling,4.5,11.82,9.78E+12,Business-Finance-Law,2018,Flatiron Books,"This book explores the concept of factfulness, or the ability to see the world as it really is, offering insights and strategies for overcoming common biases and misconceptions.",10
39,https://d1w7fb2mkkr3kw.cloudfront.net/assets/images/book/mid/9781/4087/9781408708989.jpg,Fantastic Beasts and Where to Find Them,J. K. Rowling,4.5,11.05,9.78E+12,Art-Photography,2001,Bloomsbury Children's Books,"This book is a companion to the Harry Potter series, exploring the magical creatures and characters of the wizarding world.",10
40,https://d1w7fb2mkkr3kw.cloudfront.net/assets/images/book/mid/9780/0072/9780007204496.jpg,Fear and Loathing in Las Vegas,Hunter S. Thompson,4,8.3,9.78E+12,Dictionaries-Languages,1971,Random House,"This book is a gonzo-style account of the author's drug-fueled trip to Las Vegas with his attorney, exploring themes of counterculture, disillusionment, and the American Dream.",10
41,https://d1w7fb2mkkr3kw.cloudfront.net/assets/images/book/mid/9780/7515/9780751568356.jpg,Friend Request,Laura Marshall,4,5.23,9.78E+12,Crime-Thriller,2017,Sphere,"This psychological thriller tells the story of a woman who receives a friend request from a classmate who went missing years ago, and the dark secrets that are revealed as she tries to uncover the truth.",10
42,https://d1w7fb2mkkr3kw.cloudfront.net/assets/images/book/mid/9781/8412/9781841215655.jpg,Giraffes Can't Dance,Giles Andreae,4.5,7.3,9.78E+12,Childrens-Books,1999,Orchard Books,This children's book tells the story of a giraffe who learns to dance despite being teased by the other animals.,10
43,https://d1w7fb2mkkr3kw.cloudfront.net/assets/images/book/mid/9780/4650/9780465026562.jpg,"Godel, Escher, Bach",Douglas R. Hofstadter,4.5,16.37,9.78E+12,Computing,1979,Basic Books,"This book is a philosophical exploration of the nature of consciousness and creativity, drawing on the works of mathematician Kurt Gödel, artist M.C. Escher, and composer Johann Sebastian Bach.",10
44,https://d1w7fb2mkkr3kw.cloudfront.net/assets/images/book/mid/9781/7802/9781780221359.jpg,Gone Girl,Gillian Flynn,4,9.55,9.78E+12,Crime-Thriller,2012,Crown Publishing Group,"This psychological thriller tells the story of a man whose wife goes missing on their fifth wedding anniversary, and the twists and turns that follow as he becomes the prime suspect in her disappearance.",10
45,https://d1w7fb2mkkr3kw.cloudfront.net/assets/images/book/mid/9780/1419/9780141986005.jpg,Good Night Stories for Rebel Girls,Elena Favilli,4.5,20.86,9.78E+12,Biography,2016,Timbuktu Labs,"This children's book is a collection of stories about inspiring women throughout history and around the world, offering role models for young girls to look up to.",10
46,https://d1w7fb2mkkr3kw.cloudfront.net/assets/images/book/mid/9780/9978/9780997895827.jpg,Goodnight Stories for Rebel Girls 2,Elena Favilli,4.5,21.15,9.78E+12,Biography,2018,Timbuktu Labs,"This sequel to ""Good Night Stories for Rebel Girls"" is another collection of stories about inspiring women throughout history and around the world, offering role models for young girls to look up to.",10
47,https://d1w7fb2mkkr3kw.cloudfront.net/assets/images/book/mid/9780/0993/9780099302780.jpg,"Guns, Germs And Steel",Jared Diamond,4,13.17,9.78E+12,Science-Geography,1997,W. W. Norton & Company,"This book explores the role of geography and technology in shaping human history, offering a broad overview of world history and the factors that have contributed to the dominance of certain societies and cultures.",10
48,https://d1w7fb2mkkr3kw.cloudfront.net/assets/images/book/mid/9781/9252/9781925228601.jpg,Gut,Giulia Enders,4,10.49,9.78E+12,Medical,2015,Scribe Publications,"This book explores the role of the gut in overall health and provides insights into the workings of the digestive system. It includes information on topics such as the gut microbiome, digestion, and the mind-gut connection.",10
49,https://d1w7fb2mkkr3kw.cloudfront.net/assets/images/book/mid/9780/9548/9780954852023.jpg,Gut and Psychology Syndrome,Dr Natasha Campbell-McBride,4,19.48,9.78E+12,Medical,2010,Medinform Publishing,"This book explores the link between gut health and mental health, and offers a diet plan designed to improve gut health and alleviate symptoms of conditions such as autism, ADHD, and depression.",10
50,https://d1w7fb2mkkr3kw.cloudfront.net/assets/images/book/mid/9781/4919/9781491962299.jpg,Hands-On Machine Learning with Scikit-Learn and TensorFlow,Aurelien Geron,4.5,30.53,9.78E+12,Computing,2017,O'Reilly Media,"This book is a practical guide to machine learning, offering hands-on examples and exercises using the Python programming language and popular libraries such as Scikit-Learn and TensorFlow.",10
51,https://d1w7fb2mkkr3kw.cloudfront.net/assets/images/book/mid/9781/4088/9781408890769.jpg,Harry Potter - A History of Magic,British Library,4,30.92,9.78E+12,Art-Photography,2017,Arthur A. Levine Books,"This book is a companion to the British Library's exhibition of the same name, exploring the history and mythology behind the Harry Potter series.",10
52,https://d1w7fb2mkkr3kw.cloudfront.net/assets/images/book/mid/9780/7515/9780751565355.jpg,Harry Potter and the Cursed Child - Parts I & II,J. K. Rowling,3.5,15.43,9.78E+12,Childrens-Books,2016,Arthur A. Levine Books,"This play script continues the story of Harry Potter nineteen years after the events of the original series, following the adventures of his son Albus and his friends.",10
53,https://d1w7fb2mkkr3kw.cloudfront.net/assets/images/book/mid/9780/9960/9780996099936.jpg,Have You Filled A Bucket Today?,Carol McCloud,4.5,8.66,9.78E+12,Childrens-Books,2006,Bucket Fillers,"This children's book promotes the idea of kindness and encourages children to be ""bucket fillers"" by doing good deeds and making others feel happy.",10
54,https://d1w7fb2mkkr3kw.cloudfront.net/assets/images/book/mid/9781/7847/9781784703936.jpg,Homo Deus,Yuval Noah Harari,4.5,12.9,9.78E+12,Science-Geography,2016,Harper,"This book explores the future of humanity, examining the ways in which technology and science are transforming human society and challenging our beliefs about life, death, and consciousness.",10
55,https://d1w7fb2mkkr3kw.cloudfront.net/assets/images/book/mid/9780/7160/9780716022237.jpg,How to Draw Anything,Mark Linley,3.5,5.26,9.78E+12,Art-Photography,2012,Robinson,"This book is a beginner's guide to drawing, offering simple tips and techniques for improving your drawing skills.",10
56,https://d1w7fb2mkkr3kw.cloudfront.net/assets/images/book/mid/9780/6712/9780671212094.jpg,How to Read a Book,Charles Van Doren,4,9.49,9.78E+12,Dictionaries-Languages,1972,Touchstone,This classic guide to reading offers strategies and techniques for improving your reading comprehension and critical thinking skills.,10
57,https://d1w7fb2mkkr3kw.cloudfront.net/assets/images/book/mid/9781/4391/9781439199190.jpg,How to Win Friends and Influence People,Dale Carnegie,4,8.3,9.78E+12,Business-Finance-Law,1936,Gallery Books,"This self-help book offers practical advice for improving your social skills and building strong relationships, with strategies for effective communication, persuasion, and leadership.",10
58,https://d1w7fb2mkkr3kw.cloudfront.net/assets/images/book/mid/9781/1180/9781118008188.jpg,HTML and CSS,Jon Duckett,4.5,22.68,9.78E+12,Computing,2011,Wiley,"This beginner's guide to web development covers the basics of HTML and CSS, with examples and exercises to help you build your first website.",10
59,https://d1w7fb2mkkr3kw.cloudfront.net/assets/images/book/mid/9781/2500/9781250038821.jpg,Humans of New York,Brandon Stanton,4.5,21.46,9.78E+12,Art-Photography,2013,St. Martin's Press,"This photography book features portraits and stories of people from all walks of life in New York City, capturing the diversity and humanity of the city's inhabitants.",10
60,https://d1w7fb2mkkr3kw.cloudfront.net/assets/images/book/mid/9780/3455/9780345514400.jpg,I Know Why the Caged Bird Sings,Maya Angelou,4,7.07,9.78E+12,Biography,1969,Random House,"This memoir tells the story of poet and activist Maya Angelou's childhood and early life, exploring themes of racism, trauma, and personal growth.",10
61,https://d1w7fb2mkkr3kw.cloudfront.net/assets/images/book/mid/9780/0612/9780061241895.jpg,influence,Robert B. Cialdini,4,11.38,9.78E+12,Business-Finance-Law,1984,Harper Business,"This book explores the psychology of persuasion, offering insights and strategies for influencing others and defending yourself against manipulation.",10
62,https://d1w7fb2mkkr3kw.cloudfront.net/assets/images/book/mid/9780/3303/9780330351690.jpg,Into the Wild,Jon Krakauer,4,7.07,9.78E+12,Science-Geography,1996,Villard,"This nonfiction book tells the story of Christopher McCandless, a young man who ventured into the Alaskan wilderness with little preparation and ultimately lost his life. It explores themes of adventure, self-discovery, and the human spirit.",10
63,https://d1w7fb2mkkr3kw.cloudfront.net/assets/images/book/mid/9781/4447/9781444734164.jpg,Is it Just Me?,Miranda Hart,4,8.35,9.78E+12,Entertainment,2012,Hodder & Stoughton.," The book is a Sunday Times number one bestseller and has sold over 700,000 copies. The book is a memoir that laments on the horrors of growing up and offers her younger self some essential advice on grappling with life’s unexpected perils and blunders",10
64,https://d1w7fb2mkkr3kw.cloudfront.net/assets/images/book/mid/9780/8771/9780877180128.jpg,John Thompson's Easiest Piano Course,John Thompson,4,6.71,9.78E+12,Art-Photography,2005,Willis Music,"This piano course is designed for beginners, offering a gradual progression of lessons and exercises to build fundamental skills and techniques.",10
65,https://d1w7fb2mkkr3kw.cloudfront.net/assets/images/book/mid/9780/7475/9780747568766.jpg,Just Kids,Patti Smith,4,9.43,9.78E+12,Art-Photography,2010,Ecco,This memoir tells the story of singer-songwriter Patti Smith's relationship with photographer Robert Mapplethorpe and their experiences in the New York City art scene during the 1960s and 1970s.,10
66,https://d1w7fb2mkkr3kw.cloudfront.net/assets/images/book/mid/9781/4721/9781472103536.jpg,Legacy,James Kerr,4,9.7,9.78E+12,Business-Finance-Law,2013,Constable,"This book explores the culture and leadership principles of the New Zealand All Blacks rugby team, offering insights and strategies for achieving excellence in sports and life.",10
67,https://d1w7fb2mkkr3kw.cloudfront.net/assets/images/book/mid/9780/7538/9780753826614.jpg,Life,Keith Richards,4,11.18,9.78E+12,Entertainment,2010,"Little, Brown and Company",The book is about Richards’s life and his experiences with the Rolling Stones.,10
68,https://d1w7fb2mkkr3kw.cloudfront.net/assets/images/book/mid/9780/1419/9780141981802.jpg,Life 3.0,Max Tegmark,4,10,9.78E+12,Computing,2017,Knopf,"This book explores the potential benefits and risks of artificial intelligence, offering insights into the future of technology and its impact on human society.",10
69,https://d1w7fb2mkkr3kw.cloudfront.net/assets/images/book/mid/9781/4059/9781405930994.jpg,Lion,Saroo Brierley,4,8.85,9.78E+12,Science-Geography,2013,Penguin Books,This memoir tells the story of Saroo Brierley's journey to find his birth mother after being separated from his family as a child in India and adopted by an Australian couple.,10
70,https://d1w7fb2mkkr3kw.cloudfront.net/assets/images/book/mid/9781/4095/9781409549475.jpg,Look Inside Your Body,Louie Stowell,4.5,10.65,9.78E+12,Childrens-Books,2012,Usborne Publishing Ltd,"This children's book offers a fun and interactive look at the human body, with flaps to lift and facts to discover about the different systems and organs.",10
71,https://d1w7fb2mkkr3kw.cloudfront.net/assets/images/book/mid/9781/4088/9781408878729.jpg,Lost Connections,Johann Hari,4.5,8.53,9.78E+12,Biography,2018,Bloomsbury Publishing,"This book explores the social and cultural factors that contribute to depression and anxiety, offering insights and strategies for addressing these issues and improving mental health.",10
72,https://d1w7fb2mkkr3kw.cloudfront.net/assets/images/book/mid/9781/8460/9781846041242.jpg,Man's Search For Meaning,Viktor E. Frankl,4.5,9.66,9.78E+12,Medical,1946,Beacon Press,"This book is a memoir and philosophical treatise that reflects on the author's experiences as a prisoner in Nazi concentration camps during World War II. It argues that even in the most difficult circumstances, individuals can find meaning and purpose in life.",10
73,https://d1w7fb2mkkr3kw.cloudfront.net/assets/images/book/mid/9780/3491/9780349113913.jpg,Me Talk Pretty One Day,David Sedaris,4,7.38,9.78E+12,Entertainment,2000,"Little, Brown and Company","The book is separated into two parts. The first part consists of essays about Sedaris’s life before his move to Normandy, France, including his upbringing in suburban Raleigh, North Carolina, his time working odd jobs in New York City, and a visit to New York from a childhood friend and her husband. The second part of the book describes Sedaris’s experiences living in France with his partner Hugh and their attempts to learn French",10
74,https://d1w7fb2mkkr3kw.cloudfront.net/assets/images/book/mid/9781/4019/9781401954406.jpg,Medical Medium Liver Rescue,Anthony William,4,23.76,9.78E+12,Medical,2018,Hay House Inc.,"This book provides a holistic approach to liver health, with advice on nutrition, supplements, and lifestyle changes. It includes information on the role of the liver in overall health and the ways in which it can be supported.",10
75,https://d1w7fb2mkkr3kw.cloudfront.net/assets/images/book/mid/9781/8499/9781849941679.jpg,Millie Marotta's Animal Kingdom,Millie Marotta,4.5,11.6,9.78E+12,Art-Photography,2014,Batsford,"This coloring book features intricate illustrations of animals from around the world, offering a relaxing and creative activity for animal lovers of all ages.",10
76,https://d1w7fb2mkkr3kw.cloudfront.net/assets/images/book/mid/9781/4721/9781472139955.jpg,Mindset - Updated Edition,Carol Dweck,4,8.6,9.78E+12,Business-Finance-Law,2006,Ballantine Books,"This book explores the concept of mindset, or the belief system that shapes our attitudes and behaviors, offering insights and strategies for cultivating a growth mindset and achieving success in various areas of life. This is an updated edition of the original book, which was first published in 2006.",10
77,https://d1w7fb2mkkr3kw.cloudfront.net/assets/images/book/mid/9780/0994/9780099457046.jpg,Moab Is My Washpot,Stephen Fry,4,5.99,9.78E+12,Entertainment,1997,Hutchinson,“Moab Is My Washpot” is an autobiography by Stephen Fry. It describes his life up to the age of 20.,10
78,https://d1w7fb2mkkr3kw.cloudfront.net/assets/images/book/mid/9788/8837/9788883701153.jpg,Moleskine Large Sketchbook Black,,4.5,12.18,9.79E+12,Art-Photography,2005,Moleskine,"This sketchbook features high-quality paper and a durable binding, making it a great choice for artists and designers who want to create and preserve their artwork.",10
79,https://d1w7fb2mkkr3kw.cloudfront.net/assets/images/book/mid/9788/8837/9788883705625.jpg,Moleskine Large Watercolour Album And Notebook,Moleskine,0,11.86,9.79E+12,Art-Photography,2005,Moleskine,"This watercolor album and notebook features high-quality paper that is specially designed for watercolor painting, as well as blank pages for notes and sketches.",10
80,https://d1w7fb2mkkr3kw.cloudfront.net/assets/images/book/mid/9781/8609/9781860969423.jpg,"Music Theory in Practice, Grade 1",Eric Taylor,4,7.26,9.78E+12,Entertainment,1990,Associated Board of the Royal Schools of Music,"This music theory book is designed for students preparing for the Grade 1 examination of the Associated Board of the Royal Schools of Music, offering exercises and activities to develop essential skills and knowledge.",10
81,https://d1w7fb2mkkr3kw.cloudfront.net/assets/images/book/mid/9781/8609/9781860969430.jpg,"Music Theory in Practice, Grade 2",Eric Taylor,4.5,6.99,9.78E+12,Entertainment,1990,ABRSM,"Music Theory in Practice Grade 5” is a book by Eric Taylor. It contains a detailed list of the requirements for the Grade 5 Theory of Music examination, information that may be needed in the context of the examination, specimen questions and exercises, and guidance on their solutions.",10
82,https://d1w7fb2mkkr3kw.cloudfront.net/assets/images/book/mid/9781/8609/9781860969447.jpg,"Music Theory in Practice, Grade 3",Eric Taylor,4,7.57,9.78E+12,Entertainment,1990,ABRSM,"Music Theory in Practice Grade 5” is a book by Eric Taylor. It contains a detailed list of the requirements for the Grade 5 Theory of Music examination, information that may be needed in the context of the examination, specimen questions and exercises, and guidance on their solutions.",10
83,https://d1w7fb2mkkr3kw.cloudfront.net/assets/images/book/mid/9781/8609/9781860969461.jpg,"Music Theory in Practice, Grade 5",Eric Taylor,4.5,8.8,9.78E+12,Entertainment,1990,ABRSM,"Music Theory in Practice Grade 5” is a book by Eric Taylor. It contains a detailed list of the requirements for the Grade 5 Theory of Music examination, information that may be needed in the context of the examination, specimen questions and exercises, and guidance on their solutions.",10
84,https://d1w7fb2mkkr3kw.cloudfront.net/assets/images/book/mid/9780/3409/9780340936177.jpg,My Booky Wook,Russell Brand,3.5,9.34,9.78E+12,Entertainment,2007, Hodder & Stoughton,My Booky Wook” is an autobiography by Russell Brand. It covers his life up to the age of 26. ,10
85,https://d1w7fb2mkkr3kw.cloudfront.net/assets/images/book/mid/9781/8431/9781843176572.jpg,My Grammar and I (Or Should That Be 'Me'?),Caroline Taggart,4,3.95,9.78E+12,Dictionaries-Languages,2010,Michael O'Mara Books,"This book is a humorous and informative guide to English grammar, offering insights and explanations to help readers improve their writing and communication skills.",10
86,https://d1w7fb2mkkr3kw.cloudfront.net/assets/images/book/mid/9781/8479/9781847941497.jpg,Never Split the Difference,Chris Voss,4.5,7.69,9.78E+12,Business-Finance-Law,2016,Harper Business,"This book is a guide to negotiation strategies and tactics, drawing on the author's experience as a former FBI hostage negotiator and offering practical advice for achieving successful outcomes in business and personal interactions.",10
87,https://d1w7fb2mkkr3kw.cloudfront.net/assets/images/book/mid/9781/5290/9781529028485.jpg,No Friend but the Mountains,Behrouz Boochani,4,8.68,9.78E+12,Biography,2018,Picador,"This memoir tells the story of Kurdish-Iranian journalist and refugee Behrouz Boochani's experience of being held in detention on Manus Island, offering a powerful and harrowing account of the inhumane treatment of refugees.",10
88,https://d1w7fb2mkkr3kw.cloudfront.net/assets/images/book/mid/9780/0608/9780060891541.jpg,On Writing Well,William Zinsser,4.5,13.02,9.78E+12,Dictionaries-Languages,2006,HarperCollins,"This book is a guide to writing nonfiction, offering insights and advice on style, structure, and voice, as well as practical tips for editing and revising.",10
89,https://d1w7fb2mkkr3kw.cloudfront.net/assets/images/book/mid/9780/1996/9780199640942.jpg,Paperback Oxford English Dictionary,Oxford Dictionaries,4,10.22,9.78E+12,Dictionaries-Languages,2012,Oxford University Press,"This dictionary is a compact and portable reference guide to the English language, featuring over 120,000 words and definitions, as well as pronunciation guides and other useful information.",10
90,https://d1w7fb2mkkr3kw.cloudfront.net/assets/images/book/mid/9781/4093/9781409303183.jpg,Peppa Pig: Little Library,Peppa Pig,4,7.22,9.78E+12,Childrens-Books,2011,Ladybird Books,"This children's book is a collection of six mini-books featuring characters from the popular animated TV series Peppa Pig, offering simple and engaging stories for young readers.",10
91,https://d1w7fb2mkkr3kw.cloudfront.net/assets/images/book/mid/9781/6167/9781616770785.jpg,Piano Adventures,Nancy Faber,4,7.43,9.78E+12,Entertainment,1993,Faber Piano Adventures,"“Piano Adventures” is a method for learning how to play the piano. It was created by Nancy and Randall Faber and has been used by piano students around the world. The method includes over 300 books, including the Piano Adventures Lesson Book .",10
92,https://d1w7fb2mkkr3kw.cloudfront.net/assets/images/book/mid/9781/5011/9781501124020.jpg,Principles,Ray Dalio,4,18.34,9.78E+12,Business-Finance-Law,2017,Simon & Schuster,"This book is a guide to personal and professional success, offering principles and strategies for decision-making, problem-solving, and achieving one's goals, based on the author's experience as a successful investor and entrepreneur.",10
93,https://d1w7fb2mkkr3kw.cloudfront.net/assets/images/book/mid/9781/7839/9781783962433.jpg,Prisoners of Geography,Tim Marshall,4,10.86,9.78E+12,Science-Geography,2015,Scribner,"This book explores the impact of geography on global politics and history, offering insights into the role of geography in shaping nations, cultures, and conflicts.",10
94,https://d1w7fb2mkkr3kw.cloudfront.net/assets/images/book/mid/9781/4338/9781433805615.jpg,Publication Manual of the American Psychological Association,American Psychological Association,3.5,30.49,9.78E+12,Dictionaries-Languages,2019,American Psychological Association,"This manual is a comprehensive guide to the American Psychological Association (APA) style of writing and citation, offering guidelines and examples for formatting academic papers and research reports in the social and behavioral sciences.",10
95,https://d1w7fb2mkkr3kw.cloudfront.net/assets/images/book/mid/9780/0995/9780099560432.jpg,Ready Player One,Ernest Cline,4.5,8.82,9.78E+12,Crime-Thriller,2011,Random House,"This science fiction novel is set in a dystopian future where people escape their harsh reality by entering into a virtual reality world, and follows a young protagonist's quest to win a fortune by solving a series of puzzles and challenges within the virtual world.",10
96,https://d1w7fb2mkkr3kw.cloudfront.net/assets/images/book/mid/9781/6126/9781612680194.jpg,Rich Dad Poor Dad,Robert T. Kiyosaki,4,7.34,9.78E+12,Business-Finance-Law,1997,Warner Books,"This book is a personal finance guide, offering insights and advice on investing, money management, and building wealth, based on the author's experience growing up with two very different father figures who had opposing views on money and success.",10
97,https://d1w7fb2mkkr3kw.cloudfront.net/assets/images/book/mid/9780/3305/9780330519021.jpg,Room,Emma Donoghue,4,8.05,9.78E+12,Crime-Thriller,2010,"Little, Brown and Company","This novel is a gripping and suspenseful story of a woman and her young son who are held captive in a small room, told from the perspective of the child.",10
98,https://d1w7fb2mkkr3kw.cloudfront.net/assets/images/book/mid/9780/1425/9780142501122.jpg,Room on the Broom,Julia Donaldson,4.5,8.11,9.78E+12,Childrens-Books,2012,Puffin Books,"This children's book is a whimsical and fun story about a witch and her animal friends who go on an adventure on a broomstick, encountering various obstacles and challenges along the way.",10
99,https://d1w7fb2mkkr3kw.cloudfront.net/assets/images/book/mid/9780/0995/9780099590088.jpg,Sapiens,Yuval Noah Harari,4.5,12.98,9.78E+12,Science-Geography,2014,HarperCollins,"This book is a sweeping history of human evolution, exploring the origins and development of Homo sapiens and the major historical events and trends that have shaped human societies and cultures.",10
100,https://d1w7fb2mkkr3kw.cloudfront.net/assets/images/book/mid/9781/9329/9781932907001.jpg,Save the Cat!,Blake Snyder,4,12.65,9.78E+12,Dictionaries-Languages,2005,Michael Wiese Productions,"This book is a guide to screenwriting, offering insights and advice on developing compelling characters, crafting effective plot structures, and writing engaging dialogue, based on the author's experience as a successful screenwriter and educator.",10
101,https://d1w7fb2mkkr3kw.cloudfront.net/assets/images/book/mid/9780/7515/9780751535662.jpg,Scar Tissue,Anthony Kiedis,4,10.66,9.78E+12,Art-Photography,2005,Hyperion,"This memoir tells the story of Anthony Kiedis, lead singer of the Red Hot Chili Peppers, and his struggles with addiction, fame, and personal relationships, offering a candid and often harrowing account of his life and career.",10
102,https://d1w7fb2mkkr3kw.cloudfront.net/assets/images/book/mid/9781/7806/9781780671062.jpg,Secret Garden,Johanna Basford,4.5,11.24,9.78E+12,Childrens-Books,2013,Laurence King Publishing,"This coloring book features intricate illustrations of a secret garden, offering a relaxing and creative activity for nature lovers of all ages.",10
103,https://d1w7fb2mkkr3kw.cloudfront.net/assets/images/book/mid/9780/3491/9780349117546.jpg,Shantaram,Gregory David Roberts,4.5,11.72,9.78E+12,Crime-Thriller,2003,Abacus,"This novel is a sweeping and epic story of an Australian fugitive who reinvents himself as a doctor in the slums of Mumbai, India, and becomes embroiled in various criminal and political activities.",10
104,https://d1w7fb2mkkr3kw.cloudfront.net/assets/images/book/mid/9780/8041/9780804138321.jpg,Sharp Objects,Gillian Flynn,4,8.25,9.78E+12,Crime-Thriller,2007,Broadway Books,"This novel is a psychological thriller about a journalist who returns to her hometown to investigate a series of murders, and confronts dark secrets from her own past as she delves deeper into the case.",10
105,https://d1w7fb2mkkr3kw.cloudfront.net/assets/images/book/mid/9780/7499/9780749942014.jpg,Sister,Rosamund Lupton,4,8.04,9.78E+12,Crime-Thriller,2010,Piatkus,"This novel is a mystery thriller about a woman who investigates the disappearance of her younger sister, and discovers shocking secrets about her family and their past.",10
106,https://d1w7fb2mkkr3kw.cloudfront.net/assets/images/book/mid/9781/7806/9781780622286.jpg,Six of Crows,Leigh Bardugo,4.5,8.8,9.78E+12,Crime-Thriller,2015,Henry Holt and Co.,"This novel is a fantasy heist story about a group of six outcasts who band together to pull off a dangerous and lucrative mission, set in a richly imagined world of magic and intrigue.",10
107,https://d1w7fb2mkkr3kw.cloudfront.net/assets/images/book/mid/9781/5101/9781510106284.jpg,Six of Crows: Collector's Edition,Leigh Bardugo,4.5,14.51,9.78E+12,Crime-Thriller,2017,Henry Holt and Co.,"This collector's edition of ""Six of Crows"" features a special cover design, fan art, and a letter from the author, as well as the full text of the original novel.",10
108,https://d1w7fb2mkkr3kw.cloudfront.net/assets/images/book/mid/9780/2419/9780241958223.jpg,Start With Why,Simon Sinek,4,8.9,9.78E+12,Business-Finance-Law,2009,Portfolio,"This book is a guide to leadership and motivation, offering insights and strategies for inspiring and empowering individuals and organizations to achieve their full potential, based on the author's experience as a leadership consultant and speaker.",10
109,https://d1w7fb2mkkr3kw.cloudfront.net/assets/images/book/mid/9780/7611/9780761169253.jpg,Steal Like an Artist,Austin Kleon,4,8.81,9.78E+12,Medical,2012,Workman Publishing Company,"This book provides advice and inspiration for creative professionals, with a focus on the importance of borrowing from other artists and incorporating diverse influences into one's work. It includes exercises and prompts designed to spark creativity and innovation.",10
110,https://d1w7fb2mkkr3kw.cloudfront.net/assets/images/book/mid/9781/5956/9781595620156.jpg,StrengthsFinder 2.0,Tom Rath,4,17.97,9.78E+12,Business-Finance-Law,2007,Gallup Press,"This book is a guide to personal and professional development, offering insights and advice on identifying and leveraging one's strengths and talents, based on the author's experience as a researcher and consultant with Gallup.",10
111,https://d1w7fb2mkkr3kw.cloudfront.net/assets/images/book/mid/9780/1987/9780198739838.jpg,Superintelligence,Nick Bostrom,4,9.93,9.78E+12,Computing,2014,Oxford University Press,"This book explores the potential risks and benefits of artificial intelligence and the potential impact on humanity, offering insights and analysis from a range of perspectives, including philosophy, computer science, and ethics.",10
112,https://d1w7fb2mkkr3kw.cloudfront.net/assets/images/book/mid/9781/4063/9781406331264.jpg,Ten Little Fingers and Ten Little Toes,Mem Fox,4,8.15,9.78E+12,Childrens-Books,2008,Houghton Mifflin Harcourt,"This children's book is a heartwarming and playful celebration of babies from around the world, highlighting their similarities and differences, and reminding us of the universal joys of childhood.",10
113,https://d1w7fb2mkkr3kw.cloudfront.net/assets/images/book/mid/9780/0919/9780091929114.jpg,The 4-Hour Work Week,Timothy Ferriss,4,14.32,9.78E+12,Business-Finance-Law,2009,Harmony,"This book is a guide to entrepreneurship and lifestyle design, offering insights and strategies for achieving financial independence and a fulfilling life by leveraging technology and outsourcing, based on the author's experience as a successful entrepreneur and lifestyle guru.",10
114,https://d1w7fb2mkkr3kw.cloudfront.net/assets/images/book/mid/9781/7807/9781780722405.jpg,The 8-week Blood Sugar Diet,Michael Mosley,4,8.85,9.78E+12,Medical,2015,Short Books,"This book explores the role of gut health in overall health and provides a diet plan designed to improve gut health. It includes recipes and meal plans, as well as information on the science behind the diet.",10
115,https://d1w7fb2mkkr3kw.cloudfront.net/assets/images/book/mid/9780/8654/9780865479937.jpg,The Anatomy of Story,John Truby,4.5,14.94,9.78E+12,Dictionaries-Languages,2008,Faber & Faber,"This book is a guide to screenwriting and storytelling, offering insights and strategies for developing compelling characters, plot structures, and themes, based on the author's experience as a successful screenwriter and story consultant.",10
116,https://d1w7fb2mkkr3kw.cloudfront.net/assets/images/book/mid/9781/5098/9781509829477.jpg,The Artist's Way,Julia Cameron,4,12.61,9.78E+12,Art-Photography,1992,TarcherPerigee,"This book is a guide to creativity and personal growth, offering insights and exercises for overcoming creative blocks, discovering one's true passions, and developing a fulfilling and creative life, based on the author's experience as a writer and creativity coach.",10
117,https://d1w7fb2mkkr3kw.cloudfront.net/assets/images/book/mid/9780/7303/9780730324218.jpg,The Barefoot Investor,Scott Pape,4.5,14.06,9.78E+12,Business-Finance-Law,2017,John Murray Learning,"This personal finance guide offers practical and accessible advice for managing money, reducing debt, and building wealth, based on the author's experience as a financial advisor and media personality.",10
118,https://d1w7fb2mkkr3kw.cloudfront.net/assets/images/book/mid/9780/1410/9780141038872.jpg,The Brain That Changes Itself,Norman Doidge,4,11.03,9.78E+12,Science-Geography,2007,Penguin Books,"This book explores the plasticity of the human brain and the potential for neuroplasticity, offering insights and examples of how the brain can change and adapt throughout life, based on the author's experience as a psychiatrist and researcher.",10
119,https://d1w7fb2mkkr3kw.cloudfront.net/assets/images/book/mid/9781/8460/9781846045127.jpg,The Choice,Edith Eger,4.5,9.37,9.78E+12,Biography,2017,Rider,"This memoir tells the story of Holocaust survivor Edith Eger, offering a powerful and inspiring account of resilience, healing, and forgiveness, as well as insights and advice on how to overcome trauma and live a fulfilling life.",10
120,https://d1w7fb2mkkr3kw.cloudfront.net/assets/images/book/mid/9780/1370/9780137081073.jpg,The Clean Coder,Robert C. Martin,4.5,23.02,9.78E+12,Computing,2011,Prentice Hall,"This book is a guide to professional software development, offering insights and advice on best practices, ethics, and communication strategies, based on the author's experience as a software engineer and educator.",10
121,https://d1w7fb2mkkr3kw.cloudfront.net/assets/images/book/mid/9781/7807/9781780723044.jpg,The Clever Guts Diet,Michael Mosley,4,8.92,9.78E+12,Science-Geography,2017,Short Books,"This book is a guide to gut health and nutrition, offering insights and advice on the role of the microbiome in overall health and well-being, as well as practical tips for improving gut health through diet and lifestyle changes, based on the author's experience as a medical doctor and journalist.",10
122,https://d1w7fb2mkkr3kw.cloudfront.net/assets/images/book/mid/9780/1410/9780141014081.jpg,The Complete MAUS,Art Spiegelman,4.5,17.61,9.78E+12,Art-Photography,1996,Pantheon Books,"This graphic novel is a memoir of the author's father's experiences during the Holocaust, using anthropomorphic animals to represent different groups of people and offer a unique perspective on the events of the Holocaust.",10
123,https://d1w7fb2mkkr3kw.cloudfront.net/assets/images/book/mid/9780/0994/9780099470434.jpg,The Curious Incident of the Dog in the Night-time,Mark Haddon,4,8.7,9.78E+12,Crime-Thriller,2003,Vintage,"This novel is a mystery story told from the perspective of a teenage boy with Asperger's syndrome, who sets out to solve the mystery of his neighbor's murdered dog, and in the process discovers hidden secrets about his own life and family.",10
124,https://d1w7fb2mkkr3kw.cloudfront.net/assets/images/book/mid/9780/0075/9780007513765.jpg,The Day the Crayons Quit,Drew Daywalt,4.5,9.5,9.78E+12,Childrens-Books,2013,Philomel Books,"This children's book is a humorous and playful story about a group of crayons who go on strike, expressing their grievances through letters to their owner, and inspiring him to see the world in new and colorful ways.",10
125,https://d1w7fb2mkkr3kw.cloudfront.net/assets/images/book/mid/9780/5532/9780553296983.jpg,The Diary of a Young Girl,Anne Frank,4,6.52,9.78E+12,Biography,1947,Doubleday,"This memoir is a personal account of the experiences of Anne Frank, a young Jewish girl who lived in hiding with her family during the Nazi occupation of the Netherlands, offering a powerful and poignant testimony to the resilience of the human spirit.",10
126,https://d1w7fb2mkkr3kw.cloudfront.net/assets/images/book/mid/9780/3491/9780349142111.jpg,The Dry,Jane Harper,4,8.64,9.78E+12,Crime-Thriller,2016,Flatiron Books,"This novel is a mystery thriller set in a small Australian town, following a detective investigating the murder of a family, and uncovering dark secrets and tensions within the town's community.",10
127,https://d1w7fb2mkkr3kw.cloudfront.net/assets/images/book/mid/9781/7857/9781785781728.jpg,The Elements of Eloquence,Mark Forsyth,4.5,4.91,9.78E+12,Dictionaries-Languages,2013,Icon Books,"This book is a guide to rhetoric and language, offering insights and examples of the techniques and devices used by great writers and speakers throughout history to create powerful and memorable language, based on the author's experience as a writer and editor.",10
128,https://d1w7fb2mkkr3kw.cloudfront.net/assets/images/book/mid/9780/2053/9780205309023.jpg,The Elements of Style,William I. Strunk,4,8.09,9.78E+12,Dictionaries-Languages,1920,The Elements of Style Press,"This book is a classic guide to writing and grammar, offering practical and concise advice on style, punctuation, and usage, and emphasizing the importance of clarity and simplicity in writing.",10
129,https://d1w7fb2mkkr3kw.cloudfront.net/assets/images/book/mid/9781/7857/9781785781704.jpg,The Etymologicon,Mark Forsyth,4,5.71,9.78E+12,Dictionaries-Languages,2011,Icon Books,"This book is a playful and informative exploration of the history and origins of words and phrases in the English language, offering insights and anecdotes into the fascinating world of etymology, based on the author's experience as a writer and editor.",10
130,https://d1w7fb2mkkr3kw.cloudfront.net/assets/images/book/mid/9780/5527/9780552779777.jpg,The Girl on the Train,Paula Hawkins,4,9.65,9.78E+12,Crime-Thriller,2015,Riverhead Books,"This novel is a psychological thriller about a woman who becomes obsessed with a couple she sees from the train every day, and becomes embroiled in a web of secrets and lies that lead to a shocking conclusion.",10
131,https://d1w7fb2mkkr3kw.cloudfront.net/assets/images/book/mid/9781/7423/9781742372389.jpg,The Happiest Refugee,Anh Do,4,20.87,9.78E+12,Entertainment,2010,Allen & Unwin.,The book is about Do’s life as a refugee from Vietnam and his experiences growing up in Australia.,10
132,https://d1w7fb2mkkr3kw.cloudfront.net/assets/images/book/mid/9781/8452/9781845298258.jpg,The Happiness Trap,Russ Harris,4,8.34,9.78E+12,Medical,2008,Trumpeter,"This book is based on acceptance and commitment therapy (ACT) and provides practical strategies for managing negative thoughts and emotions, and living a more fulfilling life.",10
133,https://d1w7fb2mkkr3kw.cloudfront.net/assets/images/book/mid/9780/0995/9780099539551.jpg,The Hare with Amber Eyes,Edmund de Waal,4,12.75,9.78E+12,Art-Photography,2010,Chatto & Windus,"This book is a memoir and family history that explores the journey of a collection of Japanese netsuke figurines, which are small ornamental objects used as toggles on traditional Japanese clothing. The author traces the history of the figurines through his family, from their creation in the 19th century to their possession by his family during World War II and their ultimate dispersal across the globe.",10
134,https://d1w7fb2mkkr3kw.cloudfront.net/assets/images/book/mid/9781/4063/9781406372151.jpg,The Hate U Give,Angie Thomas,4.5,8,9.78E+12,Crime-Thriller,2017,Balzer + Bray,"This young adult novel follows the story of Starr Carter, a black teenager who witnesses the shooting of her unarmed friend by a white police officer. The book explores themes of racism, police brutality, and activism, and has been praised for its powerful and timely message.",10
135,https://d1w7fb2mkkr3kw.cloudfront.net/assets/images/book/mid/9781/4059/9781405911665.jpg,The Husband's Secret,Liane Moriarty,4,9.33,9.78E+12,Crime-Thriller,2013,Amy Einhorn Books/Putnam,"This novel is a domestic drama that follows the lives of three women whose lives are interconnected by a secret. The book explores themes of marriage, betrayal, and forgiveness, and has been described as a page-turner with surprising twists and turns.",10
136,https://d1w7fb2mkkr3kw.cloudfront.net/assets/images/book/mid/9780/0605/9780060555665.jpg,The Intelligent Investor,Benjamin Graham,4,15.99,9.78E+12,Business-Finance-Law,1949,Harper & Row,"This classic book is considered one of the most influential works on value investing, a strategy that involves identifying stocks that are undervalued by the market. The book offers practical advice on how to analyze financial statements, assess management quality, and build a portfolio of stocks with a margin of safety.",10
137,https://d1w7fb2mkkr3kw.cloudfront.net/assets/images/book/mid/9781/5854/9781585428816.jpg,The Internet is a Playground,David Thorne,4,15.09,9.78E+12,Computing,2011,TarcherPerigee,"This book is a collection of humorous essays and email exchanges by Australian writer and comedian David Thorne. The book covers a range of topics, from office pranks to customer service complaints, and has been praised for its witty and irreverent humor.",10
138,https://d1w7fb2mkkr3kw.cloudfront.net/assets/images/book/mid/9780/6709/9780670921607.jpg,The Lean Startup,Eric Ries,4,11.5,9.78E+12,Business-Finance-Law,2011,Crown Business,"This book is a guide to the lean startup methodology, which emphasizes rapid experimentation, customer feedback, and iterative product development. The book offers practical advice for entrepreneurs and business leaders looking to create successful and sustainable businesses in a rapidly changing market.",10
139,https://d1w7fb2mkkr3kw.cloudfront.net/assets/images/book/mid/9781/6165/9781616550417.jpg,The Legend of Zelda,Shigeru Miyamoto,4.5,27.56,9.78E+12,Computing,1986,Nintendo,"This video game series follows the adventures of Link, a hero who must rescue Princess Zelda and defeat the evil Ganon. The series has become a cultural phenomenon, with multiple sequels, spin-offs, and adaptations in various forms of media.",10
140,https://d1w7fb2mkkr3kw.cloudfront.net/assets/images/book/mid/9781/8532/9781853261589.jpg,The Little Prince,Antoine de Saint-Exupery,4.5,3.19,9.78E+12,Childrens-Books,1943,Reynal & Hitchcock,"This beloved children's book tells the story of a young prince who travels through space and meets various characters on his journey. The book is a philosophical fable that explores themes of love, friendship, and the importance of seeing the world with a childlike sense of wonder. The book has been translated into over 300 languages and is considered a classic of children's literature.",10
141,https://d1w7fb2mkkr3kw.cloudfront.net/assets/images/book/mid/9780/3305/9780330523622.jpg,The Man Who Mistook His Wife for a Hat,Oliver Sacks,4,5.92,9.78E+12,Medical,1985,Summit Books,"This book is a collection of case studies of patients with neurological disorders. It explores the mysteries of the brain and the ways in which it can malfunction, and offers insights into the human condition.",10
142,https://d1w7fb2mkkr3kw.cloudfront.net/assets/images/book/mid/9780/7522/9780752265629.jpg,The Mindfulness Colouring Book,Emma Farrarons,4,6.8,9.78E+12,Art-Photography,2015,Boxtree,"This book contains a collection of intricate illustrations designed to help readers practice mindfulness and reduce stress. Each page features a different pattern for coloring, accompanied by inspirational quotes and mindfulness exercises.",10
143,https://d1w7fb2mkkr3kw.cloudfront.net/assets/images/book/mid/9781/8479/9781847946249.jpg,The Power of Habit,Charles Duhigg,4,10.41,9.78E+12,Science-Geography,2012,Random House,This book explores the science behind habit formation and how we can use that knowledge to change our behavior. Duhigg uses real-life examples and case studies to demonstrate how habits can be transformed and how that can lead to personal and professional success.,10
144,https://d1w7fb2mkkr3kw.cloudfront.net/assets/images/book/mid/9780/2016/9780201616224.jpg,The Pragmatic Programmer,Andrew Hunt,4.5,29.21,9.78E+12,Computing,1999,Addison-Wesley Professional,"This book is a classic in the field of software engineering, offering practical advice and techniques for improving programming skills. The authors emphasize the importance of writing maintainable and flexible code, and offer tips for debugging, testing, and teamwork.",10
145,https://d1w7fb2mkkr3kw.cloudfront.net/assets/images/book/mid/9780/3250/9780325074337.jpg,The Reading Strategies Book,Jennifer Serravallo,4.5,43.95,9.78E+12,Dictionaries-Languages,2015,Heinemann,"This book is designed to help teachers improve their students' reading comprehension by providing a wide range of strategies and techniques. Serravallo offers guidance on how to assess students' reading skills and target specific areas for improvement, with over 300 strategies organized by skill level.",10
146,https://d1w7fb2mkkr3kw.cloudfront.net/assets/images/book/mid/9780/1424/9780142405802.jpg,The Snail and the Whale,Julia Donaldson,4.5,8.75,9.78E+12,Childrens-Books,2003,Macmillan Children's Books,"This children's book tells the story of a tiny snail who hitches a ride on the tail of a humpback whale and sees the world from a new perspective. With charming illustrations and rhyming text, the book teaches children about adventure, friendship, and the wonders of the natural world.",10
147,https://d1w7fb2mkkr3kw.cloudfront.net/assets/images/book/mid/9780/2410/9780241003008.jpg,The Very Hungry Caterpillar,Eric Carle,4.5,7.23,9.78E+12,Childrens-Books,1969,Penguin Random House,"This beloved children's book follows the journey of a hungry caterpillar as it eats its way through a variety of foods before transforming into a beautiful butterfly. The book teaches children about counting, days of the week, and the life cycle of a butterfly through colorful illustrations and simple text.",10
148,https://d1w7fb2mkkr3kw.cloudfront.net/assets/images/book/mid/9780/5452/9780545261241.jpg,The Wonky Donkey,Craig Smith,4.5,6.45,9.78E+12,Childrens-Books,2009,Scholastic,"This humorous children's book tells the story of a donkey with a ""wonky"" leg and a penchant for silliness. With catchy rhymes and lively illustrations, the book has become a popular read-aloud choice for young children.",10
149,https://d1w7fb2mkkr3kw.cloudfront.net/assets/images/book/mid/9780/8595/9780859537278.jpg,There Was an Old Lady Who Swallowed a Fly,Pam Adams,4,5.89,9.78E+12,Childrens-Books,1972,Child's Play International,"This classic children's book is based on a traditional folk song and tells the story of an old lady who swallows a series of increasingly absurd creatures. With colorful illustrations and repetitive text, the book is a fun and engaging way for young children to learn about sequencing and cause-and-effect.",10
150,https://d1w7fb2mkkr3kw.cloudfront.net/assets/images/book/mid/9780/1410/9780141033570.jpg,"Thinking, Fast and Slow",Daniel Kahneman,4,11.5,9.78E+12,Medical,2011,"Farrar, Straus and Giroux",This book explores the two modes of thinking that humans use - intuitive and rational - and the biases and heuristics that can affect decision-making. It presents a synthesis of decades of research and is considered a classic in the field of behavioral economics.,10
151,https://d1w7fb2mkkr3kw.cloudfront.net/assets/images/book/mid/9781/5098/9781509858637.jpg,This is Going to Hurt,Adam Kay,4.5,7.6,9.78E+12,Medical,2017,Picador,"This book is a collection of diary entries from Adam Kay's time as a junior doctor in the UK's National Health Service (NHS). It provides a candid and often humorous look at the challenges and pressures faced by doctors, as well as the impact on their personal lives.",10
152,https://d1w7fb2mkkr3kw.cloudfront.net/assets/images/book/mid/9780/4463/9780446310789.jpg,To Kill a Mockingbird,Harper Lee,4.5,8.54,9.78E+12,Crime-Thriller,1960,J. B. Lippincott & Co.,"This classic novel is set in the Deep South of the United States during the 1930s. It follows the story of a young girl named Scout Finch as she learns about racism and injustice firsthand, following her father's defense of a black man in a controversial court case.",10
153,https://d1w7fb2mkkr3kw.cloudfront.net/assets/images/book/mid/9780/7515/9780751529814.jpg,Tuesdays With Morrie,Mitch Albom,4,5.15,9.78E+12,Biography,1997,Doubleday,"This memoir details the conversations that Mitch Albom, a journalist, had with his former college professor Morrie Schwartz, who was dying of ALS. The book explores themes of life, death, and the importance of relationships, as Morrie shares his wisdom and experiences with Albom.",10
154,https://d1w7fb2mkkr3kw.cloudfront.net/assets/images/book/mid/9780/1410/9780141035796.jpg,Ways of Seeing,John Berger,4,8.36,9.78E+12,Art-Photography,1972,British Broadcasting Corporation and Penguin Books,This nonfiction book is a collection of essays and images that explore the ways in which we perceive and interpret visual art. It challenges traditional ways of looking at art and encourages readers to question the assumptions and biases that underlie our visual culture.,10
155,https://d1w7fb2mkkr3kw.cloudfront.net/assets/images/book/mid/9780/1419/9780141985411.jpg,Weapons of Math Destruction,Cathy O'neil,4,9.53,9.78E+12,Computing,2016,Crown,"This nonfiction book examines the impact of algorithms and big data on various aspects of society, such as education, employment, and criminal justice. It argues that these technologies can often perpetuate biases and inequalities, and proposes ways to create more ethical and transparent systems.",10
156,https://d1w7fb2mkkr3kw.cloudfront.net/assets/images/book/mid/9781/1189/9781118907443.jpg,"Web Design with HTML, CSS, JavaScript and jQuery Set",Jon Duckett,4.5,29.93,9.78E+12,Computing,2014,Wiley,"This instructional book is a comprehensive guide to web design, covering the basics of HTML, CSS, and JavaScript, as well as more advanced topics such as responsive design and jQuery. It includes numerous examples and exercises to help readers build their skills.",10
157,https://d1w7fb2mkkr3kw.cloudfront.net/assets/images/book/mid/9781/8485/9781848549562.jpg,What If?,Randall Munroe,4,10.62,9.78E+12,Science-Geography,2014,Houghton Mifflin Harcourt,"This nonfiction book answers absurd hypothetical questions using scientific principles and humor. The author, a former NASA roboticist and the creator of the webcomic xkcd, explores topics such as what would happen if you tried to hit a baseball pitched at 90 percent the speed of light, or if everyone on Earth jumped at the same time.",10
158,https://d1w7fb2mkkr3kw.cloudfront.net/assets/images/book/mid/9781/7847/9781784701994.jpg,When Breath Becomes Air,Paul Kalanithi,4.5,9.05,9.78E+12,Medical,2016,Random House,"This memoir chronicles the life and death of Paul Kalanithi, a neurosurgeon who was diagnosed with terminal lung cancer at the age of 36. It reflects on the meaning of life and death, and the pursuit of a meaningful existence.",10
159,https://d1w7fb2mkkr3kw.cloudfront.net/assets/images/book/mid/9780/8184/9780818402531.jpg,Where Did I Come From?,Peter Mayle,4,9.51,9.78E+12,Science-Geography,1973,Lyle Stuart,"This book is a humorous and informative guide to reproduction, aimed at children and young adults. It covers the basics of human anatomy, sex, and childbirth in a lighthearted and accessible way, using illustrations and simple language.",10
160,https://d1w7fb2mkkr3kw.cloudfront.net/assets/images/book/mid/9780/1520/9780152067045.jpg,Where Is the Green Sheep?,Judy Horacek,4,7.98,9.78E+12,Childrens-Books,2004,Penguin Random House Australia,"This children's book is a playful and colorful exploration of different types of sheep, each with its own personality and characteristics. The story follows a group of sheep as they search for a missing green sheep, with lively illustrations and rhyming text.",10
161,https://d1w7fb2mkkr3kw.cloudfront.net/assets/images/book/mid/9780/0918/9780091816971.jpg,Who Moved My Cheese,Spencer Johnson,4,6.15,9.78E+12,Business-Finance-Law,1998,Vermilion,"This self-help book uses a fictional story to illustrate the importance of adapting to change and taking personal responsibility for one's own success. It follows the journey of four characters who must navigate a maze to find cheese, with each character representing a different approach to dealing with change.",10
162,https://d1w7fb2mkkr3kw.cloudfront.net/assets/images/book/mid/9780/5525/9780552565974.jpg,Wonder,R. J. Palacio,4.5,8.32,9.78E+12,Childrens-Books,2012,Alfred A. Knopf,"This young adult novel tells the story of August Pullman, a boy with facial differences who is starting fifth grade in a mainstream school for the first time. The book explores themes of bullying, empathy, and acceptance, as August navigates the challenges of making friends and fitting in.",10
163,https://d1w7fb2mkkr3kw.cloudfront.net/assets/images/book/mid/9781/6165/9781616558451.jpg,World Of Warcraft: Chronicle Volume 1,Blizzard,4.5,25.77,9.78E+12,Computing,2016,Dark Horse Books,"It is written by BLIZZARD ENTERTAINMENT and is the first of the three books in the Chronicle series which attempts to codify, tighten up and clarify the history of Warcraft. The book reveals untold stories about the birth of the cosmos, the rise of ancient empires, and the forces that shaped Azeroth",10
164,https://d1w7fb2mkkr3kw.cloudfront.net/assets/images/book/mid/9780/1419/9780141976143.jpg,Wreck This Journal,Keri Smith,4,9.59,9.78E+12,Medical,2007,Perigee Trade,This book is an interactive journal that encourages readers to engage in creative and unconventional ways of self-expression. It includes prompts and exercises that challenge traditional notions of journaling.,10
165,https://d1w7fb2mkkr3kw.cloudfront.net/assets/images/book/mid/9781/4504/9781450400244.jpg,Yoga Anatomy,Leslie Kaminoff,4.5,17.73,9.78E+12,Science-Geography,2007,Human Kinetics,"It provides detailed anatomical illustrations of yoga poses and the muscles used during each pose. The book is divided into five parts: the skeletal system, the muscular system, breathing, the nervous system, and the anatomy of the yoga poses.",10
